{"lines": [[[38.936682748754876, 500.40847828955344], [37.494583387689886, 519.1557699833984]], [[37.494583387689886, 519.1557699833984], [1134.9321971581514, 519.1557699833984]], [[1134.9321971581514, 519.1557699833984], [1133.4900977970865, 497.52427956742343]], [[1133.4900977970865, 497.52427956742343], [33.168285304494894, 501.85057765061845]], [[66.83616500000001, 501.7457543471833], [90.99381500000003, 509.1541003471833]], [[90.99381500000003, 509.1541003471833], [105.48840500000003, 501.2626013471833]], [[113.70200600000003, 501.58470334718334], [116.60092400000003, 503.51731534718334]], [[155.09211300000004, 519.1392623471834], [160.24574500000003, 508.18779434718334]], [[160.24574500000003, 508.18779434718334], [169.10355000000004, 508.3488453471833]], [[169.10355000000004, 508.3488453471833], [170.55300900000003, 519.1392623471834]], [[171.68036600000005, 500.94049934718333], [173.77402900000004, 515.7571913471834]], [[173.77402900000004, 515.7571913471834], [185.04759900000005, 515.7571913471834]], [[185.04759900000005, 515.7571913471834], [179.24976300000003, 501.2626013471833]], [[187.78546600000016, 518.6561093471834], [187.46336400000013, 519.9445173471834]], [[186.98021100000014, 519.4613643471833], [187.78546600000016, 503.1952133471833]], [[187.62441500000014, 503.3562643471833], [199.38113800000013, 519.4613643471833]], [[71.31364913489529, 519.8812156259196], [90.63976913489532, 511.9897166259196]], [[90.63976913489532, 511.9897166259196], [100.94703313489532, 519.3980626259196]], [[142.5867709879509, 504.47952393740013], [146.1298929879509, 524.2887969374001]], [[189.29156098795102, 501.0974529373997], [200.24302898795102, 516.8804509373997]], [[99.24554927239066, 513.4168364070097], [112.94050946171868, 506.56935631234563]], [[126.11482621489345, 518.9597631442564], [134.08957272014152, 514.4027651412575]], [[120.79832854472808, 501.1115209658441], [126.4945760484767, 508.32676780392563]], [[106.5803722633905, 472.83640345277166], [116.4408807893905, 462.1184594027717]], [[130.0680818304375, 517.2329365983628], [135.86591783043752, 510.3077435983628]], [[116.3787468304375, 518.8434465983628], [130.7122858304375, 517.0718855983628]], [[125.71970483043751, 518.5213445983628], [136.6711728304375, 509.34143759836275]], [[134.36645397478065, 510.77946758950327], [142.55106579478067, 504.54357286950324]], [[146.07669865664906, 497.3738848369011], [152.67895219144907, 508.92782852280106]]], "checkpoints": [[[102.15708286876793, 492.1176270836765], [101.48433287383537, 525.7551268303046]], [[155.97708246337282, 494.80862706340673], [155.97708246337282, 523.7368768455069]], [[219.21558198703357, 495.48137705833926], [219.21558198703357, 525.082376835372]]], "start_position": [49.60370800000001, 510.6035593471833], "start_rotation": 0}