{"lines": [[[7.3, 19.0], [7.2, 37.0]], [[7.502560835000005, 36.22665088900002], [119.61225559800008, 36.655368651000025]], [[7.502560835000005, 19.07794040900001], [134.4030183870001, 20.149734814000013]], [[117.25430790700007, 36.655368651000025], [134.18865950600008, 36.44100977000002]], [[133.3312239820001, 18.649222647000013], [136.11788943500008, 41.79998179500003]], [[45.44408277200003, 19.292299290000013], [45.44408277200003, 26.580501244000015]], [[45.015365010000025, 26.366142363000016], [51.231772559000035, 26.366142363000016]], [[50.37433703500003, 26.580501244000015], [50.15997815400003, 18.649222647000013]], [[75.88304387400005, 35.58357424600002], [75.45432611200005, 25.723065720000015]], [[75.45432611200005, 25.723065720000015], [86.81534680500005, 25.937424601000018]], [[86.17227016200005, 25.723065720000015], [85.95791128100005, 39.656392985000025]], [[85.95791128100005, 39.656392985000025], [107.60815826200006, 46.301518296000026]]], "checkpoints": [[[31.93947326900002, 15.00512167000001], [31.72511438800002, 44.80100612900003]], [[67.09432975300004, 14.79076278900001], [67.09432975300004, 50.37433703500003]], [[111.46661812000006, 12.647173979000009], [111.46661812000006, 51.231772559000035]]], "start_position": [12.004097336000008, 27.437936768000018], "start_rotation": 0}