{"lines": [[[38.936682748754876, 500.40847828955344], [37.494583387689886, 519.1557699833984]], [[37.494583387689886, 519.1557699833984], [1134.9321971581514, 519.1557699833984]], [[1134.9321971581514, 519.1557699833984], [1133.4900977970865, 497.52427956742343]], [[1133.4900977970865, 497.52427956742343], [33.168285304494894, 501.85057765061845]], [[66.83616500000001, 501.7457543471833], [90.99381500000003, 509.1541003471833]], [[90.99381500000003, 509.1541003471833], [105.48840500000003, 501.2626013471833]], [[99.52951800000002, 513.9856303471834], [122.72086200000003, 503.51731534718334]], [[113.70200600000003, 501.58470334718334], [116.60092400000003, 503.51731534718334]], [[116.60092400000003, 503.51731534718334], [116.60092400000003, 504.4836213471833]], [[125.13662700000003, 501.7457543471833], [129.80710600000003, 516.4013953471833]], [[127.71344300000003, 509.7983043471833], [126.42503500000004, 510.28145734718333]], [[127.23029000000002, 509.9593553471833], [128.51869800000003, 509.1541003471833]], [[128.035545, 518.3340073471833], [148.16692000000003, 516.8845483471833]], [[135.44389100000004, 517.2066503471833], [140.27542100000005, 512.2140693471833]], [[133.51127900000003, 518.3340073471833], [136.732299, 516.2403443471833]], [[126.90818800000002, 507.2214883471833], [155.09211300000004, 512.3751203471834]], [[140.11437000000004, 512.2140693471833], [154.770011, 513.9856303471834]], [[155.09211300000004, 519.1392623471834], [160.24574500000003, 508.18779434718334]], [[160.24574500000003, 508.18779434718334], [169.10355000000004, 508.3488453471833]], [[169.10355000000004, 508.3488453471833], [170.55300900000003, 519.1392623471834]], [[171.68036600000005, 500.94049934718333], [173.77402900000004, 515.7571913471834]], [[173.77402900000004, 515.7571913471834], [185.04759900000005, 515.7571913471834]], [[185.04759900000005, 515.7571913471834], [179.24976300000003, 501.2626013471833]], [[187.78546600000016, 518.6561093471834], [187.46336400000013, 519.9445173471834]], [[186.98021100000014, 519.4613643471833], [187.78546600000016, 503.1952133471833]], [[187.62441500000014, 503.3562643471833], [199.38113800000013, 519.4613643471833]], [[71.31364913489529, 519.8812156259196], [90.63976913489532, 511.9897166259196]], [[90.63976913489532, 511.9897166259196], [100.94703313489532, 519.3980626259196]]], "checkpoints": [[[102.15708286876793, 492.1176270836765], [101.48433287383537, 525.7551268303046]], [[155.97708246337282, 494.80862706340673], [155.97708246337282, 523.7368768455069]], [[219.21558198703357, 495.48137705833926], [219.21558198703357, 525.082376835372]]], "start_position": [49.60370800000001, 510.6035593471833], "start_rotation": 0}